article_ID,publisher_ID,year
1,433,2020
1,435,2019
1,780,2019
1,612,2020
2,378,2020
3,637,2020
3,23,2019
3,382,2020
3,831,2020
3,677,2020
3,465,2019
4,105,2018
4,854,2018
4,309,2018
4,434,2019
4,420,2018
4,381,2020
5,761,2018
5,812,2020
5,637,2019
6,818,2018
6,363,2019
6,421,2019
6,858,2019
6,283,2020
6,462,2019
7,445,2018
7,750,2019
7,640,2020
7,569,2019
7,226,2019
7,530,2020
7,537,2020
8,283,2020
9,284,2018
9,836,2019
9,499,2019
10,809,2020
10,649,2018
10,722,2020
10,182,2019
10,334,2019
10,707,2019
10,371,2019
11,603,2018
11,571,2020
11,79,2020
11,12,2019
11,193,2018
12,405,2018
12,565,2020
12,22,2019
12,361,2020
12,151,2019
13,879,2019
13,153,2018
13,286,2019
13,719,2018
13,469,2020
13,176,2019
14,775,2020
14,214,2019
14,295,2020
14,597,2018
14,674,2019
14,486,2019
14,858,2020
15,479,2018
15,605,2020
15,574,2019
16,397,2019
16,815,2018
16,447,2018
17,780,2018
17,611,2020
17,86,2019
17,522,2020
18,200,2019
18,492,2020
18,177,2019
18,377,2018
18,545,2019
18,177,2019
18,251,2018
19,833,2019
19,429,2020
19,671,2020
19,243,2020
19,597,2018
19,736,2019
19,3,2020
20,705,2019
20,674,2018
20,82,2018
20,680,2020
20,210,2018
20,371,2020
21,176,2019
22,740,2019
22,296,2020
22,370,2018
22,249,2020
22,707,2018
23,553,2018
23,880,2019
24,518,2019
24,120,2019
25,763,2018
25,118,2019
26,648,2020
26,230,2020
26,789,2020
26,495,2019
27,185,2019
27,346,2019
28,429,2018
28,657,2020
28,625,2019
28,186,2018
28,556,2018
29,92,2020
29,553,2019
29,164,2020
30,54,2020
30,757,2019
30,169,2019
30,560,2020
30,840,2018
30,23,2018
31,850,2019
31,124,2020
31,176,2018
31,302,2018
31,872,2018
31,624,2020
32,479,2020
32,868,2018
32,774,2020
32,746,2019
32,492,2018
32,802,2019
32,496,2020
33,697,2019
33,818,2019
33,356,2020
33,484,2020
33,241,2020
34,651,2019
34,470,2019
34,785,2020
34,657,2018
35,391,2019
35,461,2020
35,177,2019
35,95,2019
35,247,2018
35,100,2019
36,841,2019
36,490,2019
36,441,2018
36,585,2019
36,159,2020
36,497,2019
37,254,2018
37,175,2020
37,800,2020
37,646,2019
37,581,2020
37,697,2020
38,268,2018
39,782,2020
39,180,2018
40,275,2018
40,478,2019
40,136,2019
40,202,2020
40,71,2019
41,39,2019
41,688,2019
41,153,2019
42,44,2018
42,459,2018
42,342,2018
42,839,2020
42,574,2018
42,494,2018
43,382,2018
43,235,2018
44,174,2020
44,310,2019
44,193,2020
44,384,2018
44,640,2019
44,543,2018
44,682,2019
45,817,2019
45,556,2020
45,440,2020
45,216,2018
46,419,2019
47,660,2020
47,450,2018
48,191,2019
48,584,2020
48,303,2018
48,167,2018
48,321,2018
48,368,2018
49,857,2020
49,125,2019
49,854,2020
49,272,2018
49,678,2019
50,144,2019
50,51,2019
50,485,2020
51,405,2018
51,374,2020
51,803,2019
51,199,2019
52,56,2019
52,642,2020
52,434,2019
52,287,2018
52,643,2019
53,394,2018
53,580,2020
53,226,2020
53,313,2020
54,764,2020
55,127,2019
55,427,2019
55,340,2018
55,123,2018
55,41,2020
55,689,2018
56,381,2018
57,750,2019
57,768,2019
57,338,2019
57,666,2019
57,97,2019
58,213,2020
59,274,2020
59,47,2018
59,776,2020
59,877,2018
59,768,2020
59,797,2020
59,869,2019
60,457,2019
60,282,2020
60,131,2018
60,503,2018
60,197,2018
60,127,2018
61,464,2020
61,322,2019
61,253,2018
61,166,2018
61,6,2019
61,398,2018
62,504,2019
62,19,2019
62,157,2020
62,282,2018
62,361,2019
62,275,2020
63,212,2019
63,337,2019
64,213,2019
64,715,2018
64,228,2018
64,404,2019
64,141,2019
64,495,2018
65,370,2020
65,442,2018
66,461,2018
66,577,2019
66,679,2020
66,830,2018
66,276,2018
66,89,2020
67,266,2019
67,548,2019
67,540,2020
67,290,2020
68,384,2020
68,835,2019
68,680,2020
68,518,2018
68,507,2019
68,237,2018
69,58,2019
69,120,2019
69,266,2019
69,778,2020
69,826,2020
69,66,2018
70,118,2020
70,442,2018
70,263,2020
71,804,2019
71,638,2020
71,173,2019
72,489,2020
72,261,2018
72,776,2019
72,755,2019
72,747,2019
72,620,2020
73,225,2018
74,446,2019
74,842,2018
75,644,2018
75,761,2019
75,714,2020
75,497,2019
75,621,2018
75,103,2018
75,264,2018
76,168,2019
76,186,2019
76,447,2020
76,875,2020
76,592,2018
76,326,2019
76,117,2019
77,544,2019
77,274,2020
78,445,2018
78,88,2019
78,391,2020
78,879,2019
78,401,2018
78,278,2018
78,683,2020
79,481,2019
79,638,2020
79,518,2019
79,396,2019
79,117,2019
79,424,2018
79,536,2018
80,540,2019
80,239,2019
80,467,2018
80,254,2018
81,396,2020
81,49,2020
81,84,2018
81,305,2018
81,329,2018
82,274,2018
82,819,2020
82,193,2018
82,264,2018
82,692,2018
82,133,2018
83,690,2020
84,581,2018
84,549,2018
84,246,2018
85,448,2018
85,166,2019
85,843,2019
85,332,2019
85,668,2019
85,23,2018
85,529,2020
86,824,2020
86,459,2018
87,737,2018
87,445,2020
87,185,2020
87,645,2019
87,459,2018
87,414,2020
87,220,2019
88,371,2020
88,360,2020
88,257,2019
89,197,2020
89,79,2019
90,866,2019
90,239,2018
90,389,2018
91,58,2019
91,543,2018
91,853,2020
91,762,2019
91,765,2020
91,656,2020
91,491,2020
92,269,2018
92,655,2018
92,58,2019
93,805,2018
94,193,2019
95,696,2018
95,872,2019
95,440,2018
95,616,2020
96,64,2019
96,394,2019
96,219,2018
96,521,2018
96,200,2020
96,110,2020
96,643,2019
97,585,2020
97,11,2019
97,301,2018
98,111,2018
98,535,2020
98,801,2019
98,228,2020
99,230,2020
99,573,2019
99,157,2019
100,723,2018
100,535,2019
101,876,2019
101,549,2020
101,203,2019
101,303,2020
102,346,2018
103,249,2018
103,429,2020
103,638,2019
104,189,2019
104,465,2019
104,314,2018
104,41,2018
105,4,2018
105,725,2019
105,186,2018
105,826,2018
106,870,2018
106,684,2020
106,619,2019
106,807,2018
106,552,2020
106,526,2020
106,330,2019
107,755,2018
108,98,2019
108,692,2018
108,243,2018
109,140,2020
109,308,2019
109,402,2020
109,713,2020
109,757,2020
109,456,2018
109,324,2020
110,10,2020
111,154,2018
111,508,2018
111,525,2018
111,147,2018
111,53,2020
111,324,2020
111,415,2018
112,416,2019
112,403,2018
112,47,2018
112,615,2020
112,336,2018
112,791,2019
113,872,2018
113,781,2020
113,388,2018
114,409,2020
114,412,2020
114,783,2020
114,379,2020
114,465,2020
114,583,2020
115,735,2019
115,709,2018
115,634,2020
115,358,2020
115,587,2019
115,557,2020
115,771,2020
116,144,2019
116,221,2018
116,263,2018
116,415,2020
117,217,2018
117,85,2018
117,24,2019
117,174,2019
118,157,2020
118,594,2020
119,308,2020
119,695,2018
119,334,2020
119,382,2018
120,382,2020
121,154,2020
121,439,2018
121,188,2019
121,774,2020
121,410,2019
122,84,2020
122,196,2018
122,67,2018
122,445,2018
122,455,2020
122,266,2018
122,383,2019
123,529,2019
123,775,2018
123,810,2018
123,556,2019
123,870,2018
124,316,2020
124,297,2020
124,571,2020
125,690,2019
125,82,2018
125,361,2018
126,121,2019
126,257,2019
126,74,2020
127,483,2020
127,202,2018
127,423,2019
127,681,2020
127,290,2020
128,607,2020
128,181,2020
128,277,2019
128,235,2018
128,2,2018
128,694,2020
129,620,2020
129,503,2020
129,413,2020
129,197,2020
129,747,2020
130,384,2019
130,97,2018
130,448,2020
130,589,2018
130,203,2018
130,439,2019
131,724,2019
131,601,2019
131,387,2019
131,755,2020
131,644,2019
132,671,2018
132,620,2020
132,519,2018
132,620,2018
132,417,2018
132,374,2020
133,833,2020
133,460,2019
133,858,2020
133,841,2019
134,773,2019
134,646,2018
134,259,2018
134,320,2019
134,811,2020
134,30,2018
135,606,2018
135,100,2018
135,121,2019
135,50,2019
136,33,2018
136,646,2019
136,670,2019
136,543,2018
136,459,2018
137,209,2019
137,468,2017
137,565,2019
137,451,2018
138,580,2018
138,738,2017
139,107,2018
139,523,2017
139,657,2019
139,826,2019
139,654,2019
139,710,2019
140,384,2017
141,648,2017
141,847,2017
141,471,2017
141,504,2018
141,295,2019
141,658,2019
141,254,2018
142,242,2019
142,598,2017
142,218,2019
143,703,2018
143,23,2018
143,64,2019
143,749,2018
143,664,2018
144,170,2017
144,150,2017
145,89,2018
145,63,2018
145,321,2017
145,233,2019
145,744,2018
145,812,2018
146,25,2019
146,876,2017
147,685,2017
147,28,2017
147,105,2018
147,43,2018
147,541,2018
147,197,2018
148,466,2017
148,455,2017
148,216,2018
148,48,2019
148,533,2017
148,726,2017
149,825,2019
149,150,2017
149,508,2018
149,531,2019
150,219,2018
150,322,2018
150,392,2019
151,64,2017
151,310,2019
151,837,2018
151,26,2019
152,677,2017
153,34,2018
153,570,2019
154,61,2017
154,512,2019
154,331,2017
154,61,2017
155,474,2018
155,466,2019
155,482,2019
155,425,2017
155,124,2019
155,844,2017
155,368,2018
156,566,2017
156,423,2019
156,491,2019
156,750,2019
156,673,2018
157,519,2018
157,390,2019
158,31,2019
158,194,2018
158,434,2019
158,453,2018
158,189,2018
159,579,2019
159,473,2017
159,113,2019
159,860,2017
159,569,2018
160,687,2019
160,128,2019
160,78,2017
161,875,2017
161,172,2017
162,191,2017
162,446,2017
162,627,2019
162,629,2019
162,46,2019
162,825,2017
162,640,2018
163,11,2018
163,14,2018
163,696,2018
164,693,2017
164,159,2018
165,861,2018
166,498,2019
166,248,2017
167,772,2017
167,174,2017
167,520,2017
167,427,2018
167,13,2018
167,699,2017
168,118,2018
168,169,2017
169,668,2019
169,740,2018
169,523,2018
169,204,2017
169,815,2019
170,525,2017
170,63,2018
170,99,2019
170,437,2019
170,527,2019
171,735,2018
171,67,2017
171,269,2019
171,518,2019
171,93,2018
172,743,2019
172,533,2017
173,361,2017
173,608,2019
173,333,2018
174,328,2018
174,738,2018
174,610,2017
174,743,2019
174,138,2017
174,80,2018
175,18,2017
175,714,2019
175,706,2018
175,752,2017
175,401,2017
175,662,2018
176,232,2019
176,668,2019
177,466,2018
178,268,2017
178,243,2019
179,98,2018
179,665,2018
179,370,2019
179,502,2018
179,354,2019
179,66,2019
180,42,2017
180,140,2017
180,592,2017
180,300,2019
180,469,2018
181,96,2018
181,49,2018
181,647,2019
182,195,2018
182,433,2017
182,196,2019
182,515,2018
183,464,2017
184,728,2019
184,472,2018
184,253,2019
184,880,2018
184,850,2019
185,163,2019
185,133,2019
185,743,2018
186,621,2019
186,878,2019
186,285,2017
186,472,2017
187,702,2018
187,293,2019
187,729,2017
187,488,2018
188,11,2017
188,380,2019
188,38,2018
188,139,2017
189,626,2018
189,66,2019
189,814,2019
189,748,2017
190,674,2018
190,769,2019
190,326,2019
190,107,2018
191,12,2018
191,295,2018
192,795,2019
192,146,2017
193,324,2019
193,234,2019
193,553,2017
194,838,2018
194,199,2018
194,426,2018
194,507,2017
194,52,2017
194,260,2019
194,827,2019
195,76,2018
195,243,2018
195,501,2017
195,579,2017
195,466,2018
195,718,2017
196,682,2018
196,803,2019
196,234,2019
196,296,2019
196,681,2019
197,778,2018
197,462,2018
198,34,2019
199,350,2017
199,107,2018
199,414,2017
199,740,2019
200,733,2019
200,10,2017
201,803,2017
201,87,2018
201,497,2018
201,15,2017
201,190,2018
202,428,2019
202,564,2019
202,540,2018
202,571,2018
202,246,2019
203,306,2018
203,655,2019
203,75,2019
203,688,2018
203,14,2019
203,399,2019
203,849,2019
204,119,2018
204,758,2017
205,711,2017
205,244,2018
206,361,2018
206,322,2017
206,384,2017
206,144,2018
206,581,2017
206,104,2019
207,123,2018
207,99,2017
207,39,2017
207,772,2019
207,723,2019
207,875,2018
208,747,2017
209,282,2019
209,300,2017
209,863,2018
209,520,2018
209,289,2019
210,693,2018
210,239,2018
210,70,2017
210,176,2017
211,451,2017
211,124,2018
211,647,2018
211,353,2019
212,387,2019
212,421,2018
212,808,2017
213,561,2018
213,742,2018
214,16,2018
214,361,2017
214,388,2017
214,181,2018
214,797,2017
214,187,2017
215,331,2017
215,290,2017
215,400,2018
215,829,2019
215,752,2018
215,5,2019
216,20,2019
216,175,2019
217,207,2017
217,347,2017
218,104,2017
218,694,2018
218,374,2017
218,347,2019
218,834,2019
218,307,2017
218,794,2017
219,658,2019
219,606,2017
219,2,2019
220,850,2017
220,29,2017
220,134,2017
220,365,2017
221,38,2018
221,805,2017
221,145,2017
221,86,2018
221,606,2018
222,528,2018
223,223,2018
223,275,2019
223,867,2017
223,771,2019
223,87,2018
224,190,2017
224,419,2017
224,757,2019
224,196,2017
224,374,2017
224,217,2017
224,875,2018
225,213,2018
225,380,2019
225,20,2017
225,142,2019
225,748,2019
226,48,2018
226,807,2019
226,777,2018
226,319,2018
226,82,2017
227,828,2018
227,860,2019
227,115,2018
227,462,2019
228,558,2019
228,696,2017
228,597,2019
228,505,2018
228,730,2018
228,660,2019
228,625,2019
229,468,2019
229,828,2018
229,27,2018
229,296,2019
229,26,2019
230,873,2017
231,242,2017
231,370,2018
231,227,2019
231,12,2019
231,779,2018
231,29,2019
231,49,2018
232,332,2017
232,81,2017
232,116,2019
232,747,2018
232,832,2019
233,242,2019
233,426,2019
233,68,2018
233,23,2019
233,532,2018
234,461,2018
234,510,2018
234,401,2019
234,532,2019
234,415,2019
234,182,2017
234,334,2018
235,87,2017
235,255,2019
235,844,2019
236,299,2019
236,862,2019
236,631,2019
236,736,2017
236,688,2018
236,528,2019
237,11,2018
237,661,2017
237,27,2019
238,871,2018
238,829,2017
238,46,2017
238,183,2018
239,736,2018
239,165,2019
239,196,2019
239,662,2018
239,343,2019
240,243,2017
240,407,2018
240,95,2018
240,824,2017
240,66,2018
240,420,2019
240,84,2018
241,18,2019
241,682,2018
241,72,2018
241,243,2019
241,139,2017
241,380,2018
241,89,2019
242,541,2017
242,294,2018
242,483,2018
243,134,2018
243,720,2019
244,175,2018
245,726,2018
245,843,2017
245,715,2018
245,100,2018
245,677,2017
245,542,2018
245,265,2017
246,77,2017
246,130,2019
246,709,2017
246,858,2017
247,328,2017
247,534,2018
247,569,2017
247,657,2017
247,86,2017
247,509,2017
247,136,2018
248,408,2018
248,195,2018
248,39,2018
248,386,2017
248,348,2018
248,397,2018
249,773,2019
249,760,2019
249,600,2018
250,205,2018
250,625,2019
250,479,2018
250,756,2018
250,481,2019
250,383,2019
251,111,2017
251,770,2017
251,662,2019
251,795,2019
251,90,2019
251,132,2019
252,272,2017
252,185,2017
252,330,2018
252,431,2018
253,193,2019
253,225,2018
253,835,2017
253,696,2017
253,369,2017
254,421,2017
254,433,2017
254,725,2019
255,601,2017
256,163,2018
256,783,2018
256,614,2017
256,1,2018
257,549,2019
257,467,2017
257,526,2017
257,621,2017
257,212,2018
257,591,2018
258,447,2017
258,292,2018
259,351,2018
259,4,2018
259,162,2019
259,387,2019
259,707,2019
259,162,2018
259,169,2017
260,214,2018
261,539,2017
261,851,2019
261,441,2017
261,403,2018
261,566,2017
262,691,2017
262,35,2019
262,847,2017
262,634,2017
263,57,2017
263,488,2019
263,562,2018
263,352,2017
264,879,2019
264,142,2019
265,2,2017
265,864,2019
265,874,2018
265,571,2017
266,542,2019
266,559,2017
266,626,2017
267,493,2019
267,245,2019
267,338,2018
268,696,2019
268,476,2019
268,59,2017
268,652,2017
268,400,2018
269,158,2018
269,738,2017
269,81,2018
269,18,2018
269,512,2017
270,422,2017
270,805,2017
271,340,2017
271,366,2018
271,651,2017
271,63,2017
272,519,2017
272,322,2017
272,273,2019
273,263,2017
274,177,2019
274,520,2019
274,805,2017
274,198,2018
274,425,2018
274,294,2017
274,858,2017
275,44,2019
275,144,2018
275,365,2019
275,359,2017
275,834,2018
276,259,2017
276,299,2017
276,111,2018
276,48,2019
276,385,2019
276,787,2018
276,734,2017
277,476,2017
277,469,2017
277,817,2018
278,191,2017
278,274,2018
278,424,2019
278,323,2018
279,6,2018
279,231,2018
279,440,2017
279,607,2018
280,11,2019
280,43,2017
281,208,2019
281,710,2019
281,306,2019
281,587,2019
281,851,2019
281,348,2019
282,586,2018
282,710,2018
282,749,2019
282,666,2019
282,15,2017
282,414,2017
283,714,2018
283,715,2018
283,70,2017
283,495,2019
284,547,2018
284,53,2019
284,559,2018
284,60,2017
285,189,2017
285,832,2017
285,161,2018
285,379,2017
286,414,2018
286,498,2019
286,798,2019
287,452,2018
287,854,2018
288,814,2019
288,58,2019
288,99,2017
288,37,2017
288,531,2019
288,147,2018
288,816,2019
289,481,2018
289,599,2019
289,506,2017
290,848,2018
290,83,2018
290,283,2019
290,682,2018
290,456,2017
291,204,2019
292,243,2018
293,336,2017
293,265,2017
293,562,2019
294,305,2018
295,466,2017
295,262,2017
295,714,2019
295,718,2017
295,135,2018
296,772,2018
296,503,2018
296,153,2018
296,594,2017
297,536,2018
297,865,2017
298,247,2017
298,761,2019
298,694,2017
298,594,2017
299,678,2017
299,572,2018
299,826,2019
300,370,2019
300,133,2018
301,397,2018
301,636,2019
301,11,2018
301,790,2019
301,666,2018
301,95,2017
302,480,2018
302,184,2018
303,297,2019
303,740,2018
303,110,2018
303,431,2017
303,496,2019
304,603,2018
304,437,2017
304,37,2017
304,380,2019
304,539,2017
304,323,2019
304,809,2017
305,539,2018
305,715,2017
306,103,2019
306,172,2019
306,516,2019
306,585,2017
306,423,2019
306,861,2018
306,785,2018
307,525,2018
307,566,2018
307,203,2018
307,645,2018
308,218,2018
308,135,2019
308,546,2018
309,136,2018
309,465,2017
309,690,2017
309,870,2017
309,489,2018
310,604,2017
310,101,2017
310,92,2017
311,483,2019
312,549,2019
312,835,2017
312,217,2017
312,609,2019
313,150,2017
313,410,2017
313,744,2019
313,157,2019
314,601,2019
314,412,2019
314,91,2017
315,391,2019
315,759,2017
315,426,2019
315,166,2017
316,265,2019
316,731,2018
317,566,2017
318,786,2019
318,371,2017
318,762,2017
319,146,2017
320,791,2017
320,175,2018
320,252,2018
320,759,2017
320,681,2019
321,775,2018
321,616,2017
321,65,2018
321,832,2017
322,40,2017
322,286,2018
322,685,2019
323,819,2017
323,670,2017
324,313,2017
324,500,2017
324,384,2019
324,79,2018
324,642,2019
325,462,2017
325,367,2018
325,508,2017
325,571,2019
325,280,2018
325,675,2018
325,576,2017
326,340,2017
326,792,2017
326,847,2017
326,168,2019
326,292,2017
326,504,2018
327,421,2018
327,874,2019
327,547,2019
327,818,2019
327,850,2017
327,841,2018
328,437,2018
328,331,2019
328,284,2017
328,409,2017
328,777,2017
328,726,2018
329,611,2019
329,776,2017
330,683,2018
330,226,2019
330,599,2018
330,792,2019
331,206,2018
331,421,2019
331,439,2018
331,406,2019
331,402,2018
331,267,2017
332,289,2017
332,441,2017
332,295,2017
332,806,2019
332,162,2019
333,353,2018
333,331,2017
333,614,2017
333,860,2017
334,13,2018
334,91,2017
334,140,2019
334,878,2017
335,27,2017
335,457,2017
335,798,2018
335,155,2018
336,348,2019
336,568,2018
336,290,2017
336,833,2019
336,288,2019
336,510,2019
336,667,2017
337,53,2018
337,98,2019
337,14,2019
337,653,2017
338,812,2018
338,18,2018
339,530,2017
340,124,2018
340,877,2017
340,877,2017
340,359,2018
340,543,2018
340,517,2018
341,668,2019
341,484,2017
341,148,2018
341,383,2017
341,705,2017
341,476,2017
341,68,2018
342,547,2017
342,606,2018
342,607,2019
342,636,2019
342,191,2019
342,836,2019
343,578,2019
343,830,2019
343,252,2019
343,15,2018
343,234,2018
343,805,2018
343,72,2017
344,375,2017
344,793,2018
344,402,2017
344,766,2018
344,280,2018
345,5,2018
345,123,2017
345,27,2019
345,310,2017
345,267,2018
345,196,2018
346,595,2019
346,310,2017
346,859,2019
346,872,2018
347,167,2017
347,695,2017
347,325,2019
347,567,2017
347,501,2017
347,161,2017
348,326,2019
348,209,2017
348,143,2017
348,187,2018
348,384,2019
349,263,2017
349,172,2019
350,836,2017
350,864,2017
350,174,2018
350,111,2017
350,226,2018
351,741,2017
351,131,2019
351,799,2019
351,469,2017
351,482,2017
351,54,2017
351,846,2017
352,652,2018
352,64,2017
352,652,2018
352,695,2017
352,119,2017
352,265,2019
353,756,2017
353,31,2018
353,1,2018
353,602,2017
353,74,2018
353,106,2017
354,750,2017
354,154,2017
354,57,2019
354,560,2019
354,310,2017
354,295,2017
355,445,2018
355,339,2019
356,572,2018
357,420,2018
358,145,2018
358,551,2018
358,115,2017
358,485,2018
358,338,2017
358,295,2017
359,764,2018
360,376,2018
360,417,2018
360,187,2019
360,788,2019
360,178,2017
361,286,2019
361,162,2019
361,612,2018
361,275,2019
361,22,2019
361,548,2019
362,313,2019
362,438,2019
362,366,2017
363,312,2017
364,466,2018
364,233,2019
364,649,2017
365,502,2017
366,504,2017
366,417,2017
366,56,2018
366,548,2017
366,214,2017
366,298,2017
366,792,2017
367,286,2019
367,854,2019
367,389,2017
367,768,2017
367,136,2018
367,157,2017
368,446,2017
369,332,2019
369,231,2019
369,393,2019
369,375,2017
370,341,2019
370,384,2018
370,501,2019
370,353,2018
370,613,2018
370,41,2018
371,384,2018
371,307,2019
372,589,2017
373,610,2017
373,482,2019
373,574,2018
373,749,2018
373,59,2019
373,740,2019
373,420,2018
374,37,2017
374,556,2018
374,318,2019
374,487,2018
375,588,2018
375,37,2017
375,688,2019
375,61,2018
375,806,2017
375,677,2018
375,509,2018
376,190,2019
376,680,2017
376,163,2018
376,577,2018
377,381,2018
377,604,2017
377,804,2017
377,158,2017
377,403,2018
377,302,2017
378,38,2017
378,445,2017
378,120,2017
379,645,2018
379,364,2019
379,74,2019
379,749,2018
379,58,2019
380,360,2017
380,720,2019
380,466,2017
380,174,2017
380,34,2018
381,404,2019
381,118,2019
381,3,2018
381,480,2017
382,164,2017
382,811,2017
382,673,2017
382,211,2017
383,349,2019
383,13,2017
383,285,2018
383,404,2018
383,57,2019
384,724,2018
384,862,2018
384,216,2019
384,536,2019
384,404,2019
384,23,2019
385,858,2018
385,198,2018
385,176,2019
385,745,2018
385,456,2019
385,371,2019
385,687,2017
386,339,2017
386,41,2017
386,878,2018
387,31,2017
387,733,2018
387,5,2017
388,269,2018
388,293,2018
389,366,2017
389,85,2018
390,110,2018
390,16,2019
390,414,2019
390,52,2019
391,657,2018
391,483,2017
391,644,2017
391,476,2018
391,812,2017
391,872,2017
391,101,2017
392,146,2019
392,263,2018
392,792,2019
392,644,2018
392,474,2018
392,556,2019
393,502,2017
393,485,2017
393,841,2019
393,378,2017
394,171,2018
394,493,2018
394,185,2018
394,553,2019
394,713,2019
394,259,2017
394,740,2018
395,716,2019
395,410,2019
395,160,2018
395,149,2018
395,16,2019
395,258,2017
396,487,2018
396,345,2019
397,770,2019
397,130,2017
397,700,2017
397,319,2019
397,478,2017
398,210,2019
398,836,2017
398,471,2019
398,544,2018
398,611,2017
399,686,2018
399,792,2019
399,704,2017
399,555,2019
399,264,2017
399,69,2018
400,516,2018
400,209,2018
400,811,2019
400,614,2019
400,293,2018
400,633,2017
401,587,2019
401,178,2017
401,365,2019
401,378,2018
402,805,2017
402,492,2017
402,523,2017
402,287,2018
402,239,2017
403,466,2018
404,154,2018
404,745,2016
404,830,2018
404,668,2017
404,672,2016
404,261,2017
404,412,2018
405,737,2018
405,186,2018
405,84,2017
405,858,2016
405,652,2018
406,827,2017
406,867,2018
406,6,2017
406,476,2018
406,562,2017
406,190,2016
407,129,2018
407,683,2018
407,281,2018
407,140,2018
407,186,2018
407,792,2018
407,475,2016
408,44,2016
408,552,2016
408,728,2016
408,727,2017
409,879,2017
409,357,2018
409,822,2017
410,481,2016
410,107,2018
410,295,2016
411,148,2018
411,809,2018
412,484,2016
413,200,2017
413,605,2017
414,769,2018
415,307,2018
415,682,2016
415,621,2017
415,188,2017
416,373,2016
417,411,2018
417,99,2016
417,320,2016
417,168,2017
417,395,2016
418,436,2018
418,148,2018
418,676,2016
418,219,2016
419,467,2017
419,158,2016
420,778,2016
420,637,2017
420,74,2017
421,443,2017
421,678,2018
421,79,2018
421,558,2018
421,330,2017
422,422,2017
422,818,2017
422,556,2017
422,733,2018
423,434,2017
423,112,2017
423,19,2018
424,705,2017
424,644,2017
425,252,2017
426,707,2016
426,81,2017
426,509,2016
426,650,2017
427,663,2016
427,201,2016
427,258,2017
427,547,2018
427,875,2018
427,602,2018
428,407,2018
429,756,2017
429,720,2017
429,746,2018
429,471,2017
429,50,2018
429,805,2018
429,497,2016
430,681,2016
430,117,2018
430,809,2018
430,872,2017
430,209,2018
431,376,2016
432,639,2018
432,316,2016
432,590,2018
432,522,2018
433,824,2017
433,179,2017
433,732,2017
434,587,2017
434,803,2016
435,609,2018
435,508,2016
435,747,2017
435,433,2018
435,535,2017
436,557,2017
436,441,2017
436,288,2017
437,851,2018
437,325,2016
437,878,2016
437,700,2018
437,163,2018
437,404,2018
438,399,2017
438,780,2017
439,34,2016
439,842,2016
439,874,2018
439,404,2016
440,61,2016
441,753,2017
441,644,2017
441,148,2017
441,150,2018
441,624,2017
442,206,2017
442,821,2016
442,75,2016
442,464,2016
443,262,2016
443,647,2018
443,16,2017
443,347,2017
443,574,2018
443,796,2016
443,273,2017
444,742,2018
445,756,2017
445,237,2016
445,718,2018
445,176,2016
445,805,2016
445,366,2018
446,773,2018
447,65,2016
448,388,2018
449,135,2016
449,431,2017
450,157,2016
450,402,2017
450,804,2016
450,161,2017
451,165,2017
451,422,2017
451,821,2017
451,405,2016
451,831,2017
452,156,2017
453,119,2017
453,592,2017
454,621,2016
454,237,2018
455,541,2017
455,599,2017
455,879,2016
455,659,2017
455,596,2018
455,607,2018
456,316,2016
456,84,2018
457,359,2017
457,767,2016
457,59,2016
458,99,2016
458,734,2018
458,704,2018
458,101,2017
458,99,2018
459,61,2018
459,428,2016
459,879,2016
459,460,2018
459,441,2018
459,454,2017
460,471,2018
460,452,2018
460,271,2018
460,510,2018
461,302,2018
461,337,2017
461,848,2017
461,245,2017
461,790,2017
461,366,2017
461,853,2017
462,795,2016
462,170,2018
462,184,2016
463,510,2018
463,458,2018
463,389,2016
463,613,2017
464,149,2016
465,738,2016
465,839,2018
466,566,2018
467,574,2018
467,80,2016
467,588,2016
467,589,2016
467,766,2016
467,25,2016
468,257,2018
468,36,2017
468,134,2018
468,197,2018
468,366,2016
469,832,2016
469,151,2017
469,402,2017
469,352,2016
469,722,2018
469,707,2018
470,52,2016
470,635,2018
470,766,2018
470,266,2018
470,868,2017
470,248,2018
470,171,2016
471,877,2018
471,141,2018
471,272,2018
472,359,2017
472,428,2017
473,173,2018
473,312,2016
473,568,2018
473,219,2017
473,797,2018
473,624,2018
473,234,2017
474,372,2017
475,182,2018
475,113,2017
476,663,2018
476,620,2018
476,345,2018
476,856,2018
476,164,2017
477,51,2016
477,583,2018
477,389,2018
477,388,2016
478,443,2018
478,657,2018
478,186,2018
478,579,2018
478,404,2016
478,564,2018
479,479,2017
479,359,2018
479,251,2018
479,477,2018
479,634,2016
479,199,2018
479,450,2016
480,227,2016
481,535,2017
481,792,2018
482,458,2016
482,288,2017
482,850,2018
482,430,2017
483,687,2017
483,656,2016
483,852,2018
484,842,2017
484,843,2017
484,783,2018
484,647,2016
484,768,2018
485,313,2016
485,78,2016
485,20,2017
485,140,2016
485,371,2018
486,17,2018
486,563,2018
486,735,2018
486,877,2016
486,52,2016
487,33,2016
487,51,2017
488,416,2018
489,728,2016
489,370,2017
490,548,2017
491,56,2017
491,396,2017
491,389,2018
492,281,2017
492,600,2018
492,446,2017
492,316,2018
492,246,2017
493,159,2018
493,841,2017
493,136,2018
493,287,2018
493,26,2016
494,54,2017
494,789,2017
494,369,2018
494,650,2018
495,590,2018
495,448,2016
495,275,2016
496,829,2016
496,789,2016
496,829,2018
496,683,2016
496,449,2016
496,82,2017
497,211,2017
497,723,2017
497,868,2017
498,695,2017
498,18,2016
498,683,2017
499,813,2018
499,634,2017
500,250,2018
500,362,2018
501,652,2016
501,3,2018
502,607,2017
502,62,2017
502,502,2017
502,63,2016
502,100,2017
503,225,2018
503,793,2018
503,120,2016
504,526,2018
504,760,2016
504,628,2016
504,119,2018
504,716,2018
504,561,2016
504,230,2016
505,234,2018
505,457,2018
505,27,2018
505,779,2016
506,512,2017
506,70,2017
506,17,2018
506,78,2016
506,454,2016
507,44,2016
508,772,2017
508,829,2018
508,471,2017
508,599,2016
509,378,2017
509,74,2018
509,657,2017
509,592,2018
509,7,2018
510,539,2018
510,198,2016
511,478,2017
511,678,2016
511,305,2016
512,651,2016
512,740,2016
512,705,2017
512,29,2018
512,812,2017
512,770,2016
513,342,2018
513,703,2018
513,680,2016
514,127,2017
514,95,2017
514,214,2017
514,498,2017
515,522,2018
516,475,2017
516,389,2018
517,735,2016
517,639,2018
518,291,2017
518,90,2018
518,375,2017
519,349,2016
519,279,2016
519,549,2016
520,63,2018
520,442,2018
520,725,2016
520,331,2017
520,466,2018
521,702,2017
521,838,2018
522,96,2018
522,763,2017
522,53,2016
523,384,2018
523,845,2017
523,628,2018
524,167,2017
524,540,2017
524,404,2016
524,71,2018
524,73,2017
525,74,2017
525,531,2016
525,428,2016
525,760,2017
525,821,2017
525,557,2017
525,150,2018
526,404,2017
526,170,2018
526,218,2018
526,591,2017
526,692,2018
526,5,2016
526,798,2017
527,258,2016
527,627,2016
527,618,2017
527,493,2018
528,372,2018
528,146,2016
528,260,2018
528,526,2016
528,272,2017
529,264,2017
529,852,2017
529,201,2017
529,92,2018
530,306,2018
530,630,2017
530,192,2018
531,95,2016
531,306,2016
531,379,2018
531,427,2016
531,63,2017
531,824,2016
532,836,2018
532,212,2017
532,168,2016
533,202,2016
533,106,2016
533,431,2017
533,764,2016
533,327,2017
533,503,2018
534,527,2017
534,223,2017
534,785,2016
534,401,2017
534,40,2016
535,567,2018
535,185,2018
535,251,2016
535,530,2017
535,815,2018
536,399,2018
536,652,2017
536,695,2018
536,689,2017
536,400,2017
537,541,2018
537,753,2018
537,242,2018
537,5,2016
537,361,2016
538,655,2018
538,430,2016
538,458,2017
538,348,2017
538,457,2017
539,151,2017
539,195,2016
539,459,2018
539,589,2017
539,363,2017
539,153,2016
539,43,2018
540,152,2017
541,174,2017
542,280,2016
542,409,2016
542,746,2017
542,593,2018
542,52,2018
542,329,2018
543,877,2016
543,606,2017
543,107,2017
544,473,2017
544,366,2016
544,731,2017
545,148,2016
545,775,2016
546,772,2017
546,114,2017
546,536,2018
546,837,2017
547,583,2016
547,11,2016
547,472,2018
547,827,2017
547,372,2018
548,285,2018
548,531,2017
549,680,2018
549,223,2018
550,537,2018
551,448,2017
551,795,2016
551,618,2017
551,596,2017
551,546,2016
552,592,2018
553,68,2017
553,559,2016
553,847,2017
554,145,2018
554,442,2016
554,677,2018
554,133,2017
555,321,2016
555,394,2016
555,296,2016
555,745,2017
556,524,2017
556,281,2017
556,6,2017
556,482,2017
556,69,2016
556,142,2016
557,689,2016
557,276,2018
557,82,2016
558,17,2017
558,779,2018
558,809,2018
558,850,2016
558,44,2017
558,698,2018
558,80,2016
559,445,2018
559,101,2017
559,423,2017
559,605,2018
560,651,2018
560,871,2017
560,134,2018
560,608,2018
560,218,2016
561,65,2017
561,39,2017
561,49,2018
561,621,2016
562,241,2016
562,48,2017
562,575,2018
562,265,2018
562,856,2017
562,4,2018
563,351,2017
563,797,2016
563,389,2018
563,785,2018
563,187,2018
564,401,2018
564,609,2017
565,680,2017
565,823,2016
565,852,2017
565,759,2018
566,254,2017
566,452,2018
567,119,2017
567,779,2017
567,56,2018
567,541,2017
567,499,2017
567,48,2017
568,702,2018
568,466,2018
568,615,2017
568,163,2016
569,499,2017
569,717,2018
569,165,2017
569,526,2017
570,608,2017
570,295,2016
570,164,2018
570,360,2016
571,627,2017
571,420,2017
572,673,2017
572,596,2018
572,748,2017
572,647,2016
572,543,2017
572,521,2016
573,860,2018
573,400,2018
573,392,2018
573,607,2016
573,704,2016
574,558,2016
574,101,2018
574,316,2018
574,11,2018
574,816,2016
575,783,2017
575,726,2016
575,746,2017
575,304,2018
576,180,2017
576,339,2016
576,233,2018
576,338,2016
577,546,2016
577,173,2017
577,444,2018
577,849,2018
577,7,2017
577,114,2016
578,521,2017
579,357,2018
579,739,2017
579,804,2017
579,303,2017
579,143,2016
579,487,2017
579,601,2018
580,502,2017
580,192,2016
581,116,2018
581,564,2016
581,607,2016
582,410,2018
582,148,2018
582,623,2018
583,131,2017
583,716,2016
583,64,2018
583,807,2017
583,738,2018
584,445,2017
584,640,2017
584,784,2017
584,614,2017
584,305,2016
584,426,2016
585,641,2018
585,364,2017
585,865,2018
586,667,2018
586,820,2016
586,190,2017
586,345,2016
586,132,2017
586,558,2017
587,176,2017
588,742,2016
588,201,2016
588,83,2016
588,422,2016
588,825,2017
588,539,2017
588,464,2018
589,724,2016
589,287,2016
589,221,2017
589,82,2018
589,797,2018
590,676,2017
590,786,2016
591,382,2018
592,416,2018
592,245,2016
592,841,2018
592,32,2016
592,765,2016
593,438,2016
593,634,2018
594,628,2017
594,664,2016
594,207,2017
595,875,2016
595,403,2018
595,251,2018
595,705,2018
595,165,2018
595,247,2018
596,598,2016
596,71,2016
596,802,2017
597,799,2016
597,693,2017
597,139,2018
597,351,2017
597,45,2017
597,236,2016
597,562,2016
598,829,2017
599,598,2018
599,257,2016
600,341,2017
600,541,2016
601,128,2018
601,393,2016
601,38,2018
601,826,2016
601,511,2018
602,684,2018
602,775,2017
602,281,2016
602,480,2016
602,315,2017
602,275,2018
602,272,2018
603,283,2016
603,501,2017
603,253,2016
604,877,2017
604,66,2017
604,30,2016
604,178,2016
605,600,2018
605,590,2016
605,656,2018
605,177,2018
606,500,2017
606,878,2016
606,208,2018
606,714,2017
606,567,2016
606,287,2017
607,474,2018
607,701,2017
607,777,2017
607,471,2018
607,109,2016
607,226,2016
607,207,2018
608,166,2016
608,774,2016
608,769,2018
608,19,2018
608,501,2017
609,729,2017
609,836,2017
610,177,2018
610,826,2016
610,191,2017
610,646,2018
610,866,2016
610,741,2018
611,183,2017
611,713,2018
611,722,2017
611,14,2018
611,429,2017
611,767,2018
612,263,2016
612,558,2017
612,381,2016
613,159,2017
613,238,2018
613,301,2016
613,821,2016
613,822,2017
613,340,2016
614,726,2017
614,415,2017
615,538,2017
615,210,2018
615,170,2017
616,285,2016
616,176,2016
616,731,2016
616,374,2016
616,465,2017
617,726,2017
617,723,2016
618,525,2018
618,294,2018
618,37,2018
618,658,2016
619,526,2016
619,171,2016
619,545,2016
620,75,2017
620,10,2016
620,860,2017
620,88,2018
620,333,2016
621,461,2017
621,209,2016
621,64,2016
621,409,2018
621,37,2017
621,730,2018
622,467,2017
622,397,2018
622,324,2016
623,106,2017
623,93,2017
624,534,2017
624,390,2017
624,339,2016
624,874,2017
625,46,2017
626,313,2017
626,530,2017
626,253,2018
627,350,2018
627,115,2018
627,861,2016
627,666,2018
627,229,2018
628,524,2017
628,594,2017
628,96,2016
628,561,2018
628,12,2017
628,821,2018
629,830,2017
629,410,2016
629,117,2017
629,130,2018
629,231,2018
629,395,2018
630,223,2017
630,40,2016
630,315,2016
631,441,2017
631,724,2016
631,551,2016
631,198,2016
632,357,2017
632,676,2018
632,182,2016
632,80,2018
632,451,2016
632,35,2016
633,297,2016
633,119,2018
633,691,2018
634,507,2018
634,678,2017
634,128,2018
634,482,2018
634,220,2018
635,499,2018
635,663,2018
635,230,2017
635,544,2017
635,575,2017
635,56,2016
636,336,2018
637,606,2017
637,454,2018
637,245,2016
637,219,2017
638,258,2017
638,435,2016
639,297,2017
640,53,2018
640,401,2018
640,374,2016
640,443,2016
640,629,2017
640,580,2016
641,270,2018
641,806,2018
641,21,2016
641,509,2016
641,750,2017
641,629,2016
641,380,2016
642,844,2017
642,506,2016
642,810,2016
642,61,2016
642,213,2016
642,834,2017
642,479,2017
643,484,2018
644,577,2016
644,717,2016
644,338,2018
644,564,2018
644,749,2017
645,69,2016
645,501,2018
645,605,2017
645,544,2017
645,208,2016
645,177,2017
646,615,2018
646,536,2017
646,455,2016
646,396,2018
646,875,2018
646,628,2018
646,505,2017
647,371,2017
647,569,2016
647,739,2018
647,847,2016
647,66,2018
648,27,2017
648,216,2016
648,445,2018
648,524,2017
649,233,2018
649,393,2018
649,478,2017
649,645,2017
650,175,2017
650,513,2017
650,781,2016
650,792,2018
651,517,2018
651,391,2017
651,136,2017
651,755,2017
651,321,2017
651,807,2018
652,876,2017
652,572,2016
652,628,2017
652,130,2017
652,305,2018
652,600,2018
653,454,2016
653,857,2017
653,854,2017
653,623,2018
653,420,2017
653,662,2018
654,530,2017
654,356,2017
654,390,2016
654,702,2018
655,256,2017
655,479,2018
656,522,2016
657,332,2016
657,381,2016
658,691,2016
658,878,2015
658,184,2016
658,516,2015
658,879,2016
659,674,2017
659,445,2016
659,234,2017
659,49,2017
659,350,2015
660,241,2017
660,304,2015
660,880,2016
660,603,2015
661,823,2015
661,558,2015
661,592,2017
661,820,2017
661,836,2015
661,76,2015
661,267,2016
662,725,2015
662,468,2017
662,712,2015
662,167,2016
663,55,2017
664,647,2016
664,751,2017
664,680,2017
664,536,2016
665,586,2015
665,849,2015
665,289,2016
665,771,2015
665,712,2016
666,842,2015
666,525,2016
666,185,2016
666,742,2016
666,171,2016
666,220,2016
666,789,2016
667,48,2017
667,683,2015
668,4,2015
668,370,2017
668,850,2016
668,877,2017
668,241,2015
668,183,2015
668,43,2015
669,778,2017
669,728,2015
669,725,2016
669,257,2016
669,512,2015
670,386,2015
670,140,2016
670,525,2015
671,369,2016
671,651,2015
671,175,2016
672,851,2017
672,575,2016
672,730,2017
673,153,2016
673,216,2016
674,197,2015
674,103,2017
675,103,2017
675,644,2017
676,296,2016
676,772,2015
676,511,2017
676,808,2016
676,827,2015
676,363,2016
677,570,2016
677,370,2016
677,844,2016
677,773,2015
677,519,2016
677,591,2017
677,380,2015
678,292,2017
679,606,2015
679,464,2015
680,267,2017
680,523,2016
680,725,2016
680,424,2016
680,805,2016
680,376,2015
681,516,2016
681,380,2016
681,715,2017
681,751,2017
681,829,2017
681,106,2017
681,515,2016
682,823,2016
682,536,2015
682,257,2017
682,61,2016
683,689,2017
683,644,2016
683,592,2015
683,1,2017
683,240,2015
683,122,2017
683,738,2015
684,330,2016
684,819,2017
684,783,2015
684,491,2015
684,437,2016
684,488,2017
685,283,2015
685,202,2017
686,477,2017
686,532,2016
686,851,2016
686,462,2017
686,563,2015
687,461,2015
687,191,2015
687,459,2015
687,47,2016
687,245,2016
688,727,2017
688,324,2017
688,443,2016
688,880,2017
688,591,2017
689,152,2017
689,291,2016
689,324,2015
689,603,2016
690,511,2017
690,162,2016
690,315,2015
690,329,2015
690,52,2016
691,502,2015
691,200,2016
691,688,2017
691,140,2017
691,290,2015
692,512,2016
692,229,2015
692,553,2016
692,618,2015
692,411,2015
692,658,2015
693,601,2015
693,68,2016
693,648,2016
693,427,2016
693,860,2015
693,776,2017
694,333,2017
695,649,2016
695,301,2015
695,126,2016
695,581,2016
696,694,2017
696,140,2017
696,43,2016
697,518,2016
697,608,2016
697,119,2015
697,814,2017
697,491,2017
698,646,2016
698,335,2016
698,586,2015
698,45,2017
698,527,2016
699,201,2015
699,660,2015
699,513,2015
699,183,2016
700,733,2015
701,383,2016
701,33,2016
701,515,2016
701,169,2016
701,334,2017
701,644,2016
702,229,2016
702,375,2017
702,58,2017
702,616,2016
702,170,2017
703,735,2017
703,721,2015
704,752,2017
704,476,2016
704,613,2016
704,117,2017
704,277,2015
705,433,2015
705,747,2016
705,283,2016
705,20,2016
705,752,2016
705,636,2015
705,605,2016
706,594,2015
706,514,2015
706,447,2015
706,655,2017
706,429,2016
706,847,2015
707,129,2016
707,638,2016
707,30,2017
707,495,2017
707,790,2016
708,428,2015
708,47,2015
708,792,2017
709,53,2016
709,48,2015
709,338,2017
709,633,2016
710,622,2016
710,770,2015
710,434,2016
710,402,2015
711,381,2017
711,322,2016
711,636,2016
711,559,2015
711,553,2015
712,648,2015
712,243,2017
712,735,2015
712,387,2015
712,480,2015
713,721,2015
714,458,2017
714,506,2015
715,493,2015
715,788,2016
715,732,2016
715,436,2016
715,301,2015
715,244,2016
715,672,2015
716,676,2017
716,403,2016
716,653,2016
716,807,2017
716,519,2017
717,581,2017
717,377,2017
717,343,2016
717,747,2017
717,85,2015
718,362,2017
719,738,2017
719,258,2017
719,271,2017
719,208,2017
719,167,2016
719,658,2016
719,336,2017
720,184,2016
720,765,2015
720,82,2017
721,661,2017
721,622,2017
721,231,2017
721,61,2015
721,585,2016
721,284,2015
721,365,2016
722,250,2016
722,593,2017
722,821,2016
722,473,2017
722,362,2016
722,829,2017
722,732,2016
723,40,2015
723,18,2016
723,359,2015
724,806,2016
724,824,2016
724,571,2015
724,542,2015
724,145,2016
724,379,2016
725,3,2017
725,321,2017
725,815,2015
726,52,2017
726,376,2016
726,264,2016
726,733,2016
726,504,2016
726,418,2017
727,461,2016
727,671,2016
727,807,2015
727,70,2017
727,20,2017
727,598,2016
728,424,2015
728,477,2016
728,331,2016
728,672,2017
728,115,2015
729,43,2016
729,328,2015
729,1,2016
729,595,2015
729,433,2015
729,285,2016
730,532,2017
730,861,2016
730,80,2017
730,458,2017
730,545,2015
730,776,2016
731,624,2017
731,634,2016
731,303,2017
732,195,2017
732,322,2015
733,337,2016
734,172,2015
734,457,2016
734,531,2016
734,492,2015
735,127,2015
735,401,2015
735,723,2017
735,5,2015
736,290,2017
736,402,2015
736,401,2015
736,41,2016
737,539,2016
737,522,2016
737,462,2017
737,832,2015
738,815,2016
738,94,2015
738,17,2016
738,624,2016
738,366,2017
739,311,2017
739,20,2015
739,842,2017
739,73,2015
740,660,2016
740,185,2017
741,710,2015
741,340,2017
741,845,2015
741,621,2015
741,592,2015
741,160,2016
741,626,2016
742,804,2017
742,670,2015
742,246,2015
742,551,2016
742,649,2017
742,364,2017
743,768,2017
743,409,2015
743,736,2016
744,756,2015
744,203,2015
744,41,2016
744,813,2017
744,320,2017
744,793,2015
744,639,2017
745,390,2017
746,863,2015
746,814,2016
746,853,2016
746,146,2015
746,150,2016
747,761,2015
748,106,2017
748,878,2017
748,795,2015
748,156,2016
749,382,2016
750,682,2017
751,819,2015
751,177,2016
751,299,2015
751,402,2016
751,402,2016
752,362,2016
752,804,2017
752,696,2015
752,122,2017
752,45,2015
752,234,2015
752,202,2015
753,659,2015
753,440,2016
753,758,2017
753,249,2017
754,535,2017
754,206,2016
754,152,2016
754,68,2017
755,675,2017
755,722,2016
755,770,2017
755,614,2015
756,538,2016
756,598,2017
757,702,2016
757,474,2017
758,465,2015
758,308,2016
759,658,2016
759,547,2016
759,223,2017
760,174,2017
760,43,2017
760,425,2015
760,38,2017
760,404,2015
761,734,2015
761,366,2016
761,504,2016
761,352,2017
761,655,2017
761,124,2017
761,459,2016
762,373,2017
762,14,2017
762,497,2017
762,190,2016
762,269,2017
762,43,2017
762,841,2016
763,870,2016
763,335,2015
763,10,2015
764,454,2016
764,194,2016
764,281,2016
764,660,2017
765,53,2017
765,93,2015
765,453,2015
765,100,2017
765,220,2015
765,27,2015
766,572,2016
767,283,2015
767,405,2017
768,134,2016
768,714,2016
768,617,2017
769,62,2017
769,640,2015
769,382,2015
769,643,2015
769,492,2015
769,220,2016
770,126,2016
770,789,2015
770,279,2017
770,63,2015
771,822,2016
771,357,2017
771,428,2016
771,525,2016
772,415,2015
772,120,2015
772,181,2016
772,189,2017
772,465,2017
773,358,2015
773,103,2015
773,108,2017
773,385,2017
773,856,2017
773,725,2015
774,458,2016
775,134,2017
775,109,2017
775,573,2016
776,646,2017
776,322,2017
776,301,2015
776,374,2016
777,54,2017
777,198,2017
777,725,2015
777,764,2017
777,493,2017
777,721,2016
777,350,2016
778,69,2016
778,189,2015
778,770,2015
778,155,2016
778,360,2017
778,41,2017
779,304,2017
779,95,2017
779,666,2016
779,149,2016
779,858,2015
780,506,2015
780,763,2015
780,221,2016
780,257,2016
781,721,2017
781,363,2017
781,743,2017
781,334,2015
781,332,2015
781,130,2015
782,224,2016
782,313,2017
782,94,2017
782,127,2017
782,550,2016
782,440,2017
783,197,2015
784,494,2016
785,70,2016
785,442,2017
786,252,2016
787,149,2016
787,399,2016
787,474,2015
787,680,2016
788,117,2015
788,254,2015
788,235,2016
788,532,2015
789,470,2016
789,586,2015
789,76,2015
789,709,2017
789,207,2017
790,506,2016
790,76,2016
790,601,2015
790,811,2015
791,441,2015
791,293,2015
791,569,2017
791,515,2016
791,95,2016
791,661,2015
792,199,2015
792,861,2015
792,91,2017
792,728,2016
792,867,2015
792,181,2017
792,621,2015
793,331,2016
793,105,2015
793,732,2017
794,684,2017
794,615,2017
794,635,2016
794,427,2016
794,636,2015
795,414,2017
795,168,2016
795,384,2017
795,374,2017
796,690,2017
796,393,2016
796,853,2016
796,826,2016
796,862,2017
797,680,2017
797,848,2015
798,56,2015
798,117,2017
798,67,2017
798,754,2015
798,90,2017
798,475,2017
798,308,2017
799,182,2016
799,350,2017
799,531,2016
800,599,2015
801,191,2017
801,343,2016
801,248,2016
801,651,2016
801,792,2016
802,755,2015
802,656,2017
803,720,2015
804,35,2015
805,10,2015
805,101,2017
805,258,2017
805,76,2015
805,243,2016
805,248,2016
805,573,2015
806,865,2016
806,709,2015
806,373,2015
806,40,2016
806,649,2015
806,59,2016
807,545,2016
807,875,2017
807,87,2017
807,566,2017
807,341,2017
807,408,2017
808,865,2015
808,569,2015
809,553,2015
809,712,2015
810,635,2017
811,787,2015
811,846,2017
812,456,2016
812,825,2016
812,461,2016
812,183,2015
812,149,2016
812,513,2015
813,485,2015
814,602,2017
815,307,2016
815,810,2017
815,629,2015
815,558,2015
816,468,2015
817,713,2017
817,745,2015
818,246,2016
818,279,2016
819,111,2016
819,218,2017
819,115,2015
819,785,2016
819,639,2017
819,357,2017
820,480,2017
820,742,2015
820,748,2016
821,680,2015
821,599,2017
821,512,2015
821,63,2016
822,265,2017
822,121,2017
822,53,2015
823,439,2015
823,845,2016
824,802,2016
824,11,2016
824,617,2017
824,39,2015
824,751,2017
825,287,2016
825,492,2015
825,86,2017
825,743,2015
826,530,2016
826,739,2017
826,208,2015
826,724,2015
827,355,2015
827,817,2015
828,798,2017
828,109,2016
828,490,2017
828,648,2016
828,599,2016
828,802,2015
828,42,2017
829,640,2016
829,761,2017
829,430,2015
829,38,2017
829,635,2015
829,622,2017
830,659,2015
830,28,2017
831,44,2017
831,111,2016
832,687,2016
832,178,2016
832,682,2015
832,170,2016
832,557,2016
832,191,2016
833,817,2016
833,452,2015
833,368,2016
833,844,2017
833,600,2017
834,315,2016
834,589,2016
834,110,2016
834,232,2015
835,537,2017
835,200,2017
835,480,2016
835,160,2017
835,302,2015
836,605,2015
836,188,2016
836,236,2017
836,410,2015
836,130,2016
837,661,2017
837,524,2016
837,314,2015
837,218,2016
838,208,2016
838,817,2016
838,791,2017
838,313,2017
838,692,2017
839,538,2015
840,474,2015
841,118,2016
841,529,2016
841,645,2016
841,611,2016
841,335,2017
841,480,2017
842,872,2017
842,409,2017
842,470,2015
842,424,2016
843,515,2017
843,555,2016
843,573,2015
843,547,2016
843,82,2017
843,501,2017
844,790,2016
844,609,2015
844,548,2016
844,539,2016
844,812,2016
844,803,2015
844,705,2016
845,118,2016
845,55,2017
845,168,2016
846,347,2015
846,524,2016
846,517,2017
846,158,2017
847,156,2016
847,177,2015
848,377,2016
848,172,2015
848,847,2017
848,558,2017
848,32,2016
848,751,2015
849,799,2015
849,320,2017
850,475,2017
850,448,2017
850,582,2016
850,170,2016
850,557,2017
851,864,2016
851,303,2015
851,353,2016
851,858,2016
851,483,2017
851,509,2015
851,323,2015
852,296,2017
852,131,2017
852,685,2017
852,344,2017
852,65,2015
852,867,2016
852,654,2017
853,506,2016
853,712,2017
854,132,2016
854,524,2017
854,74,2016
854,213,2016
855,681,2015
856,812,2017
856,670,2016
857,134,2015
857,167,2016
857,40,2017
858,386,2015
858,489,2015
859,81,2017
859,697,2015
859,83,2015
859,91,2017
860,480,2016
860,738,2016
861,559,2016
861,443,2015
861,194,2017
861,308,2017
861,559,2017
861,52,2016
861,677,2016
862,250,2016
862,788,2017
863,649,2016
863,806,2016
863,397,2016
863,136,2015
863,1,2016
863,805,2015
864,255,2015
864,545,2017
864,310,2017
864,351,2015
864,695,2016
864,82,2015
865,702,2015
865,718,2016
865,734,2015
866,497,2017
866,540,2016
866,793,2015
866,671,2016
866,672,2016
866,776,2017
867,57,2016
867,182,2015
868,47,2015
868,377,2016
868,310,2017
868,319,2016
868,724,2015
869,676,2017
869,748,2017
869,584,2017
869,495,2016
870,556,2015
870,649,2017
870,741,2017
871,414,2015
871,587,2016
871,346,2017
871,529,2017
872,411,2016
872,552,2016
872,357,2016
872,526,2016
872,505,2015
872,740,2016
873,838,2016
874,845,2015
874,684,2016
874,583,2016
875,153,2016
875,430,2016
875,377,2017
876,579,2017
876,454,2017
876,245,2016
876,580,2016
876,847,2015
877,150,2015
877,385,2016
877,519,2015
877,342,2016
877,674,2016
878,213,2015
879,552,2016
879,341,2016
879,445,2017
879,274,2016
879,864,2017
879,141,2016
879,475,2015
880,492,2016
880,300,2017
880,818,2017
